Maquina{llistaProductes=[], nomMaquina='maquina1', MAX_STOCK=10}
Maquina{llistaProductes=[Producte{nomProducte='patates', marcaProducte='matutano', preuProducte=1.0, stock=6}, Producte{nomProducte='sandwich', marcaProducte='fresc', preuProducte=1.0, stock=0}], nomMaquina='maquina2', MAX_STOCK=10}
Maquina{llistaProductes=[Producte{nomProducte='cafe', marcaProducte='cafe', preuProducte=1.0, stock=10}, Producte{nomProducte='xocolata', marcaProducte='nestle', preuProducte=1.0, stock=9}, Producte{nomProducte='bombons', marcaProducte='nestle', preuProducte=2.0, stock=7}], nomMaquina='maquina3', MAX_STOCK=10}
Maquina{llistaProductes=[], nomMaquina='maquina1', MAX_STOCK=10}
Maquina{llistaProductes=[], nomMaquina='maquina2', MAX_STOCK=10}
Maquina{llistaProductes=[], nomMaquina='maquina3', MAX_STOCK=10}
Maquina{llistaProductes=[], nomMaquina='maquina1', MAX_STOCK=10}
Maquina{llistaProductes=[], nomMaquina='maquina2', MAX_STOCK=10}
Maquina{llistaProductes=[], nomMaquina='maquina3', MAX_STOCK=10}
